﻿<?xml version="1.0"?>
<doc>
<assembly>
<name>
QuienQuiereSerMillonario
</name>
</assembly>
<members>
<member name="P:QuienQuiereSerMillonario.My.Resources.Resource1.ResourceManager">
	<summary>
  Returns the cached ResourceManager instance used by this class.
</summary>
</member><member name="P:QuienQuiereSerMillonario.My.Resources.Resource1.Culture">
	<summary>
  Overrides the current thread's CurrentUICulture property for all
  resource lookups using this strongly typed resource class.
</summary>
</member><member name="P:QuienQuiereSerMillonario.My.Resources.Resource1.comodin">
	<summary>
  Looks up a localized resource of type System.IO.UnmanagedMemoryStream similar to System.IO.MemoryStream.
</summary>
</member><member name="P:QuienQuiereSerMillonario.My.Resources.Resource1.correcta">
	<summary>
  Looks up a localized resource of type System.IO.UnmanagedMemoryStream similar to System.IO.MemoryStream.
</summary>
</member><member name="P:QuienQuiereSerMillonario.My.Resources.Resource1.incorrecta">
	<summary>
  Looks up a localized resource of type System.IO.UnmanagedMemoryStream similar to System.IO.MemoryStream.
</summary>
</member><member name="P:QuienQuiereSerMillonario.My.Resources.Resource1.iniciarcomodin">
	<summary>
  Looks up a localized resource of type System.IO.UnmanagedMemoryStream similar to System.IO.MemoryStream.
</summary>
</member><member name="P:QuienQuiereSerMillonario.My.Resources.Resource1.iniciarpartida">
	<summary>
  Looks up a localized resource of type System.IO.UnmanagedMemoryStream similar to System.IO.MemoryStream.
</summary>
</member><member name="P:QuienQuiereSerMillonario.My.Resources.Resource1.intro">
	<summary>
  Looks up a localized resource of type System.IO.UnmanagedMemoryStream similar to System.IO.MemoryStream.
</summary>
</member><member name="P:QuienQuiereSerMillonario.My.Resources.Resource1.leerpregunta">
	<summary>
  Looks up a localized resource of type System.IO.UnmanagedMemoryStream similar to System.IO.MemoryStream.
</summary>
</member><member name="P:QuienQuiereSerMillonario.My.Resources.Resource1.marcar">
	<summary>
  Looks up a localized resource of type System.IO.UnmanagedMemoryStream similar to System.IO.MemoryStream.
</summary>
</member><member name="T:QuienQuiereSerMillonario.My.Resources.Resource1">
	<summary>
  A strongly-typed resource class, for looking up localized strings, etc.
</summary>
</member><member name="P:QuienQuiereSerMillonario.My.Resources.Resources.ResourceManager">
	<summary>
  Returns the cached ResourceManager instance used by this class.
</summary>
</member><member name="P:QuienQuiereSerMillonario.My.Resources.Resources.Culture">
	<summary>
  Overrides the current thread's CurrentUICulture property for all
  resource lookups using this strongly typed resource class.
</summary>
</member><member name="P:QuienQuiereSerMillonario.My.Resources.Resources._next">
	<summary>
  Looks up a localized resource of type System.Drawing.Bitmap.
</summary>
</member><member name="P:QuienQuiereSerMillonario.My.Resources.Resources._sub">
	<summary>
  Looks up a localized resource of type System.Drawing.Bitmap.
</summary>
</member><member name="P:QuienQuiereSerMillonario.My.Resources.Resources.ant">
	<summary>
  Looks up a localized resource of type System.Drawing.Bitmap.
</summary>
</member><member name="P:QuienQuiereSerMillonario.My.Resources.Resources.background2">
	<summary>
  Looks up a localized resource of type System.Drawing.Bitmap.
</summary>
</member><member name="P:QuienQuiereSerMillonario.My.Resources.Resources.background3">
	<summary>
  Looks up a localized resource of type System.Drawing.Bitmap.
</summary>
</member><member name="P:QuienQuiereSerMillonario.My.Resources.Resources.background4">
	<summary>
  Looks up a localized resource of type System.Drawing.Bitmap.
</summary>
</member><member name="P:QuienQuiereSerMillonario.My.Resources.Resources.background5">
	<summary>
  Looks up a localized resource of type System.Drawing.Bitmap.
</summary>
</member><member name="P:QuienQuiereSerMillonario.My.Resources.Resources.backPregunta">
	<summary>
  Looks up a localized resource of type System.Drawing.Bitmap.
</summary>
</member><member name="P:QuienQuiereSerMillonario.My.Resources.Resources.backPregunta1">
	<summary>
  Looks up a localized resource of type System.Drawing.Bitmap.
</summary>
</member><member name="P:QuienQuiereSerMillonario.My.Resources.Resources.backPreguntaCorrecta">
	<summary>
  Looks up a localized resource of type System.Drawing.Bitmap.
</summary>
</member><member name="P:QuienQuiereSerMillonario.My.Resources.Resources.backPreguntaFaill">
	<summary>
  Looks up a localized resource of type System.Drawing.Bitmap.
</summary>
</member><member name="P:QuienQuiereSerMillonario.My.Resources.Resources.backPreguntaSel">
	<summary>
  Looks up a localized resource of type System.Drawing.Bitmap.
</summary>
</member><member name="P:QuienQuiereSerMillonario.My.Resources.Resources.check">
	<summary>
  Looks up a localized resource of type System.Drawing.Bitmap.
</summary>
</member><member name="P:QuienQuiereSerMillonario.My.Resources.Resources.check1">
	<summary>
  Looks up a localized resource of type System.Drawing.Bitmap.
</summary>
</member><member name="P:QuienQuiereSerMillonario.My.Resources.Resources.comodinBoton">
	<summary>
  Looks up a localized resource of type System.Drawing.Bitmap.
</summary>
</member><member name="P:QuienQuiereSerMillonario.My.Resources.Resources.comodinBoton1">
	<summary>
  Looks up a localized resource of type System.Drawing.Bitmap.
</summary>
</member><member name="P:QuienQuiereSerMillonario.My.Resources.Resources.comodinBoton2">
	<summary>
  Looks up a localized resource of type System.Drawing.Bitmap.
</summary>
</member><member name="P:QuienQuiereSerMillonario.My.Resources.Resources.comodinBotonProf">
	<summary>
  Looks up a localized resource of type System.Drawing.Bitmap.
</summary>
</member><member name="P:QuienQuiereSerMillonario.My.Resources.Resources.comodinBotonPublico">
	<summary>
  Looks up a localized resource of type System.Drawing.Bitmap.
</summary>
</member><member name="P:QuienQuiereSerMillonario.My.Resources.Resources.crearPreguntas">
	<summary>
  Looks up a localized resource of type System.Drawing.Bitmap.
</summary>
</member><member name="P:QuienQuiereSerMillonario.My.Resources.Resources.millonario">
	<summary>
  Looks up a localized resource of type System.Drawing.Bitmap.
</summary>
</member><member name="P:QuienQuiereSerMillonario.My.Resources.Resources.next1">
	<summary>
  Looks up a localized resource of type System.Drawing.Bitmap.
</summary>
</member><member name="P:QuienQuiereSerMillonario.My.Resources.Resources.normal">
	<summary>
  Looks up a localized resource of type System.Drawing.Bitmap.
</summary>
</member><member name="P:QuienQuiereSerMillonario.My.Resources.Resources.Sound___Mute">
	<summary>
  Looks up a localized resource of type System.Drawing.Bitmap.
</summary>
</member><member name="P:QuienQuiereSerMillonario.My.Resources.Resources.Sound___On3">
	<summary>
  Looks up a localized resource of type System.Drawing.Bitmap.
</summary>
</member><member name="P:QuienQuiereSerMillonario.My.Resources.Resources.subindex">
	<summary>
  Looks up a localized resource of type System.Drawing.Bitmap.
</summary>
</member><member name="P:QuienQuiereSerMillonario.My.Resources.Resources.super">
	<summary>
  Looks up a localized resource of type System.Drawing.Bitmap.
</summary>
</member><member name="P:QuienQuiereSerMillonario.My.Resources.Resources.superindex">
	<summary>
  Looks up a localized resource of type System.Drawing.Bitmap.
</summary>
</member><member name="P:QuienQuiereSerMillonario.My.Resources.Resources.upload">
	<summary>
  Looks up a localized resource of type System.Drawing.Bitmap.
</summary>
</member><member name="T:QuienQuiereSerMillonario.My.Resources.Resources">
	<summary>
  A strongly-typed resource class, for looking up localized strings, etc.
</summary>
</member>
</members>
</doc>